{"OpenedDocuments":"[]","ProjectBreakpoints":"{\"Value\":{\"part calls/process single part calls.xaml\":[{\"ConditionalExpression\":null,\"ActionExpression\":null,\"ExpectedHitCounter\":null,\"ShouldContinueAfterAction\":false,\"IsTransient\":false,\"IsEnabled\":true,\"Id\":\"77cd6394-e8ce-404b-aeea-136eca59a8fe\",\"ActivityIdRef\":\"ExcelApplicationScope_2\",\"ActivityId\":\"1.2\",\"ActivityName\":\"Excel Application Scope\"}]}}","ProjectWatches":"{\"Value\":[{\"Id\":\"2545fe8d-f50e-4e7b-ac96-900876bc929b\",\"Expression\":\"pwdExcel\"},{\"Id\":\"f0f0704e-96dc-461f-af5c-7ee7f70cddaa\",\"Expression\":\"part_calls_options\"},{\"Id\":\"d3a35fc6-eaef-4803-9272-0ba9b7bfb896\",\"Expression\":\"In_mainCalls\"},{\"Id\":\"c12edfec-2ab3-4869-b32d-6e06bad3d341\",\"Expression\":\"Out_Selected_file\"},{\"Id\":\"380ecb80-25ee-4d3d-a622-23c6ee00cb18\",\"Expression\":\"Out_single_part\"},{\"Id\":\"ef465d2c-4e5f-43cf-a551-a834e9d1dbda\",\"Expression\":\"Out_multi_part\"},{\"Id\":\"a1e25934-d323-47fd-8034-3ef6ba56df97\",\"Expression\":\"in_excel\"},{\"Id\":\"87216772-8cbd-4ad7-a2a8-ff600792d60c\",\"Expression\":\"in_singlepart\"},{\"Id\":\"99640851-73a3-46ba-9121-23c26ef271d5\",\"Expression\":\"in_maincalls\"}]}"}